Hillary-Clintons-just-announced-shes-running,1
Hillary-Clinton-announced-shes-runnin-for,4778
Hillary-Clinton-running-for-president-of,1
BREAKING-HillaryClinton-Im-running-for-president,2
The-official-Hillary-Clinton-2016-campaign,8
BREAKING-Hillary-Clinton-to-run-for,27
BREAKING-Hillary-Clinton-launches-her-2016,6
BREAKING-NEWS-HillaryClinton-announces-2016-presidential,11
HillaryClinton-is-running-for-president-but,48
Hillary-Clinton-officially-announced-running-for,1
Hillary-Clinton-announces-a-run-for,1
Hillary-Clinton-has-announced-that-her,1
Hillary-Clinton-announces-her-run-for,36
Hillary-Clinton-is-officially-in-the,2
Hillary-has-officially-announced-for-2016,7
Hillary-Clinton-officially-announces-her-2016,77
Hillary-Clinton-To-Nation-Do-Not,3454
BREAKING-Hillary-Clinton-announces-2016-run,26
Hillary-is-officially-in-the-race,9
Hillary-Clinton-is-running-for-President,119
Hillary-Clinton-will-not-be-the,73
Hillary-Clinton-HillaryClinton-will-be-the,1
Hillary-Clinton-officially-launches-campaign-for,1
Hillary-Clinton-running-for-president-and,3
BREAKING-Hillary-Clinton-running-for-president,168
Hillary-Clinton-officially-announces-2016-presidential,266
HillaryClinton-is-running-for-president-campaign,75
If-Hillary-Clinton-is-president-I,2
Hillary-Clinton-announced-running-for-2016,2
BREAKING-HillaryClinton-running-for-president-but,70
BREAKING-Hillary-Rodham-Clinton-to-run,1
Hillary-Clinton-announces-2016-run-for,3
BREAKING-NEWS-Hillary-Clinton-running-for,890
HillaryClinton-running-for-president-of-the,1
Hillary-Clinton-officially-launches-2016-presidential,49
Hillary-HillaryClinton-announced-that-she-is,2
BREAKING-NEWS-Hillary-Clinton-enters-White,39
Hillary-Clinton-announced-her-2016-presidential,3
BREAKING-Hillary-Clinton-will-be-running,3
If-you-think-Hillary-Clinton-is,11
Hillary-Clinton-officially-announces-run-for,8
Hillary-Clinton-running-for-president-in,43
BREAKING-Hillary-Clinton-is-running-for,318
Hillary-Clinton-will-be-president-2016,1
Hillary-Clinton-running-for-president-is,12
BREAKING-Hillary-Clinton-officially-enters-the,7
Hillary-Clinton-ends-worstkept-secret-in,5304
BREAKING-HillaryClinton-announces-shes-running-for,1
Hillary-Clinton-running-to-be-President,10
Hillary-Clinton-officially-announces-campaign-to,6
BREAKING-Hillary-Clinton-announces-her-2016,118
Im-running-for-president-Hillary-Clinton,204
Hillary-Clinton-running-for-2016-president,1
Hillary-Clinton-Im-running-for-president,399
Hillary-is-running-for-president-but,1
Hillary-Clinton-officially-announces-her-run,1
HillaryClinton-is-running-for-president-and,3
HillaryClinton-Hillary-you-will-be-the,1
Hillary-Clinton-announces-says-shes-running,9
Hillary-Clinton-is-running-for-the,5
BREAKING-HillaryClinton-is-running-for-President,1
Hillary-running-for-president-is-the,27
Hillary-Clinton-announces-shes-running-for,278
HillaryClinton-has-just-announced-her-campaign,1
HillaryClinton-has-announced-shes-running-for,2
HillaryClinton-has-officially-announced-shes-running,7
Hillary-Clinton-officially-announced-her-2016,1
Hillary-Clinton-running-for-the-2016,3
Hillary-is-running-for-president-2016,1
I-need-a-Hillary-Clinton-2016,1
HillaryClinton-has-officially-announced-her-2016,10
If-you-think-Hillary-is-a,1
Hillary-Clinton-just-announced-shes-running,68
If-you-think-Hillary-Clinton-running,11
Hillary-Clinton-is-running-to-be,1
Hillary-Clinton-has-announced-shes-running,25
BREAKING-HillaryClinton-officially-announces-2016-run,1
Hillary-Clinton-announced-her-2016-campaign,1
HillaryClinton-Clinton-says-shes-running-for,3
Hillary-Clinton-officially-announces-her-campaign,1
Hillary-Clinton-is-to-run-for,1
Hillary-Clinton-running-for-the-White,1
Hillary-Clinton-announces-that-she-is,9
HillaryClinton-is-officially-running-for-President,72
BREAKING-Hillary-Clinton-says-shes-running,1519
Hillary-running-for-president-is-just,1
Hillary-Clinton-for-president-on-her,2
Hillary-Clinton-announces-her-2016-presidential,4
BREAKING-Hillary-Clinton-announces-shes-running,3
Hillary-Hillary-Hillary-Hillary-Hillary-Hillary,7
BREAKING-Hillary-Clinton-announces-run-for,15
BREAKING-NEWS-HillaryClinton-to-run-for,1
Hillary-Clinton-announces-her-2016-White,5
Hillary-Clinton-just-announced-to-be,1
Hillary-Clinton-just-announced-she-is,698
If-you-think-that-Hillary-Clinton,8
HillaryClinton-running-for-president-in-2016,1
BREAKING-HillaryClinton-announces-her-2016-White,1
Hillary-Clinton-officially-running-for-president,7
HillaryClinton-is-officially-running-for-president,16
Clinton-has-officially-announced-her-campaign,1
HillaryClinton-has-just-announced-her-run,1
Hillary-Clinton-officially-announced-she-is,2
Hillary-Clinton-running-for-president-Americans,1
Hillary-Clinton-is-in-for-2016,2
Im-running-for-president-Everyday-Americans,74520
Hillary-is-running-for-president-and,19
Hillary-Clinton-just-announced-her-2016,10
HillaryClinton-is-running-in-2016-and,1
Hillary-Clintons-officially-running-for-President,1
Hillary-Clinton-officially-running-for-President,70
BREAKING-HillaryClinton-is-officially-running-for,187
Hillary-Clinton-for-president-in-2016,4
This-account-will-be-run-by,2824
Hillary-has-officially-announced-she-is,1
HillaryClinton-has-officially-announced-her-run,1
If-Hillary-Clinton-is-running-for,3
Hillary-Clinton-officially-in-the-race,1
BREAKING-Hillary-Clinton-announces-2016-presidential,112
BREAKING-Hillary-Clinton-launches-2016-presidential,752
Hillary-Clinton-officially-launches-2016-campaign,3
HillaryClinton-will-be-running-for-president,1
Hillary-Clinton-running-for-president-amp,1
HillaryClinton-is-officially-on-the-campaign,1
BREAKING-NEWS-Its-official-HillaryClinton-has,10248
BREAKING-Im-running-for-president-Clinton,81
Hillary-Clinton-announced-shes-running-for,70
Hillary-is-running-for-president-in,12
Hillary-Clinton-can-not-be-President,1
HillaryClinton-has-announced-that-she-is,3
Hillary-Clinton-running-for-president-has,1
Hillary-Clinton-has-announced-she-is,4
HillaryClinton-is-officially-in-the-race,1
Hillary-Clinton-officially-announced-shes-running,1
Hillary-will-be-running-in-the,1
Hillary-Clinton-will-be-running-for,44
Clinton-is-officially-running-for-President,3657
Hillary-Clinton-has-announced-her-presidential,2
Im-proud-to-be-a-HillaryClinton,3
Hillary-Clinton-will-officially-run-for,8
Hillary-Clinton-has-announced-her-run,2
BREAKING-Hillary-Clinton-running-for-President,19
Hillary-Clinton-announced-that-shes-running,2
Hillary-Clinton-is-in-the-running,7
HillaryClinton-running-for-president-is-the,1
HillaryClinton-running-for-president-is-a,1
Hillary-Clinton-officially-announces-she-is,72
Hillary-Clinton-will-not-be-President,11
Hillary-Clinton-announced-her-run-for,2
Im-ready-for-Hillary-HillaryClinton-has,2
Hillary-Clinton-says-shes-running-for,132
Hillary-Clinton-announces-that-she-has,1
Hillary-Clintons-running-for-president-I,1
BREAKING-HillaryClinton-says-shes-running-for,4
Hillary-is-running-for-the-President,2
Hillary-Clinton-I-will-run-for,4
This-Hillary-Clinton-video-announcement-is,3
Hillary-Clinton-is-officially-running-for,463
BREAKING-NEWS-Hillary-Clinton-is-running,1
The-Hillary-Clinton-2016-campaign-has,2
Hillary-Clinton-is-running-for-president,2120
BREAKING-Hillary-Rodham-Clinton-is-running,2
BREAKING-Hillary-Rodham-Clinton-enters-the,2
Hillary-Clinton-just-announced-her-presidential,314
BREAKING-Hillary-Rodham-Clinton-enters-White,8116
BREAKING-Hillary-Clinton-officially-enters-2016,35
Hillary-is-officially-running-for-President,1
Hillary-Clinton-just-announced-her-running,1
